﻿Unique ID,Date Entered,Year,Model,Model Name,Nickname or Dial,Bracelet,Bracelet Metal/Color,Price,Full Set,Retail Ready,Current Retail (Not Inc Tax),Dealer,Comments
10000,3/11/2025,2023,126719BLRO,GMT2,Pepsi Meteorite,Oyster,White Gold,"49,500",Y (inc WT),Y,"47,500",Thomas Khoa Nguyen (Moda Watch Club),
10001,3/11/2025,2024,126719BLRO,GMT2,Pepsi Meteorite,Oyster,White Gold,"49,500",Y (inc WT),Y,"47,500",Randy Chong (Moda Watch Club),
10002,7/6/2025,2024,126718GRNR,GMT2,Guiness,Jubilee,Yellow Gold,"37,500",Y (No WT),Y,"44,600",Mike Mtime (Moda Watch Club),plus shipping label
10003,6/10/2025,2023,126715CHNR,GMT2,Root Beer,Oyster,Rose Gold,"34,000",Y (inc WT),Y,"46,500",Ziv Moyal (Moda Watch Club),plus shipping label
10004,6/13/2025,2023,126715CHNR,GMT2,Root Beer,Oyster,Rose Gold,"33,000",Y (inc WT),Y,"46,500",John Sig (Moda Watch Club),Add 300 for Box plus Shipping
10005,3/13/2025,2025,126713GRNR,GMT2,Zombie,Jubilee,Oystersteel and Gold,"19,300",Y (inc WT),Y,"17,850",Gerald Tan (Moda Watch Club),
10006,3/16/2025,2024,126713GRNR,GMT2,Zombie,Jubilee,Oystersteel and Gold,"18,700",Y (inc WT),Y,"17,850",AJ Time Piece,
10007,3/24/2025,2024,126713GRNR,GMT2,Zombie,Jubilee,Oystersteel and Gold,"16,500",Y (inc WT),Y,"17,850",AJ Time Piece,"Bumblebee, Guiness"
10008,3/6/2025,2019,126711CHNR,GMT2,Root Beer,Oyster,Oystersteel and Gold,"15,500",Y (inc WT),Y,17500,AJ Time Piece,
10009,3/12/2025,2023,126711CHNR,GMT2,Root Beer,Oyster,Oystersteel and Gold,"15,750",Y (inc WT),Y - Hairlines,17500,East Coast TimePiece (Moda Watch Club),
10010,3/12/2025,2024,126711CHNR,GMT2,Root Beer,Oyster,Oystersteel and Gold,"16,700",Y (inc WT),Y - Hairlines,17500,East Coast TimePiece (Moda Watch Club),
10011,4/14/2025,2025,126711CHNR,GMT2,Root Beer,Oyster,Oystersteel and Gold,"16,500",Y (inc WT),Y,17500,Khanh Doan (Moda Watch Club),Add 250 for Box
10012,3/13/2025,2025,126710GRNR,GMT2,Bruce Wayne,Jubilee,Oystersteel,"18,200",Y (No WT),Y,"11,000",Kelvin Parnell (Moda Watch Club),
10013,3/13/2025,2025,126710GRNR,GMT2,Bruce Wayne,Jubilee,Oystersteel,"16,500",Y (inc WT),Y,"11,000",Kamran Akbari (Moda Watch Club),
10014,4/7/2025,2025,126710GRNR,GMT2,Bruce Wayne,Jubilee,Oystersteel,"16,200",Y (inc WT),Y,"11,000",Bingjun Huang (Moda Watch Club),plus shipping label
10015,5/15/2025,2024,126710GRNR,GMT2,Bruce Wayne,Oyster,Oystersteel,"16,000",Y (inc WT),Y,"11,000",Mike Mtime (Moda Watch Club),plus shipping label
10016,3/6/2025,2024,126710BLRO,GMT2,Pepsi,Jubilee,Oystersteel,"20,500",Y (No WT),Y,11000,Benny Cloud (Moda Watch Club),
10017,3/13/2025,2025,126710BLNR,GMT2,Batgirl,Jubilee,Oystersteel,"16,500",Y (inc WT),Y,"11,000",Khanh Doan (Moda Watch Club),
10018,4/1/2025,2024,126710BLNR,GMT2,Batgirl,Jubilee,Oystersteel,"15,800",Y (inc WT),Y,"11,000",,
10019,6/9/2025,2025,126710BLNR,GMT2,Batgirl,Jubilee,Oystersteel,"15,650",Y (inc WT),Y,"11,000",Khanh Doan (Moda Watch Club),plus shipping label
10020,4/1/2025,2025,126710BLNR,GMT2,Batman,Oyster,Oystersteel,"15,000",Y (inc WT),Y,"10,800",,Flipped 14-15K
10021,4/2/2025,2025,126710BLNR,GMT2,Batman,Oyster,Oystersteel,"14,500",Y (inc WT),Y,"10,800",AK Timepiece (Moda Watch Club),plus shipping label
10022,4/10/2025,2024,126710BLNR,GMT2,Batman,Oyster,Oystersteel,"14,300",Y (inc WT),Y,"10,800",AJ Time Piece,plus shipping label
10023,6/17/2025,2025,126710BLNR,GMT2,Batman,Oyster,Oystersteel,"14,999",Y (inc WT),Y,"11,100",Cici Watches (Rolex Group),
10024,5/27/2025,2024,126613LN,Submariner,Bumblebee,Oyster,Oystersteel and Gold,"14,500",Y (inc WT),Y,"17,600",John Sig (Moda Watch Club),
10025,6/9/2025,2024,126613LN,Submariner,Bumblebee,Oyster,Oystersteel and Gold,"14,800",Y (inc WT),Y,"17,600",Nick TLC (Moda Watch Club),plus shipping label
10026,3/11/2025,2023,126613LB,Submariner,Bluesy,Oyster,Oystersteel and Gold,"15,600",Y (inc WT),Y,"17,000",Randy Chong (Moda Watch Club),
10027,3/11/2025,2024,126613LB,Submariner,Bluesy,Oyster,Oystersteel and Gold,"17,700",Y (inc WT),Y,"17,000",Devin Anton (Moda Watch Club),
10028,3/24/2025,2024,126613LB,Submariner,Bluesy,Oyster,Oystersteel and Gold,"16,600",Y (inc WT),Y,"17,000",Kevin Chan (Moda Watch Club),
10029,3/27/2025,2024,126613LB,Submariner,Bluesy,Oyster,Oystersteel and Gold,"16,550",Y (inc WT),Y,"17,000",AK Timepiece (Moda Watch Club),
10030,4/2/2025,2024,126613LB,Submariner,Bluesy,Oyster,Oystersteel and Gold,"15,550",Y (inc WT),Y,"17,000",AK Timepiece (Moda Watch Club),plus shipping label
10031,3/25/2025,2024,126610LN,Submariner,Date,Oyster,Oystersteel,"12,800",Y (No WT),Y,"10,400",AJ Time Piece,
10032,3/25/2025,2024,126610LN,Submariner,Date,Oyster,Oystersteel,"12,300",Y (inc WT),Y,"10,400",Graham Moda (Moda Watch Club),
10033,4/2/2025,2024,126610LN,Submariner,Date,Oyster,Oystersteel,"12,250",Y (inc WT),Y,"10,400",AK Timepiece (Moda Watch Club),plus shipping label
10034,4/28/2025,2023,126610LN,Submariner,Date,Oyster,Oystersteel,"10,800",Y (inc WT),Y,"10,400",Anthony Capatosto (Rolex Group),
10035,4/23/2025,2025,126519LN,Daytona,Ghost,Oysterflex,Oysterflex,"43,900",Y (inc WT),Y,"38,100",Khanh Doan (Moda Watch Club),plus shipping label
10036,6/13/2025,24-Feb,126519LN,Daytona,Ghost,Oysterflex,Oysterflex,"42,000",Y (inc WT),Y,"38,100",John Harris (Moda Watch Club),plus shipping label
10037,5/27/2025,2019,116613LN,Submariner,Bumblebee,Oyster,Oystersteel and Gold,"13,550",Y (inc WT),Y,Discontinued,Anthony Zhan (Moda Watch Club),"New Reference is 17,600"
10038,3/25/2015,2020,116610LV,Submariner,Hulk,Oyster,Oystersteel,"17,400",Y (No WT),Y,Discontinued,AJ Time Piece,
10039,3/11/2025,2020,116610LV,Submariner,Hulk,Oyster,Oystersteel,"18,250",Y (inc WT),Y,Discontinued,Kamran Akbari (Moda Watch Club),Old Style Card
10040,3/11/2025,2019,116610LV,Submariner,Hulk,Oyster,Oystersteel,"18,800",Y (inc WT),Y,Discontinued,Yudi Twg (Moda Watch Club),Some Stickers
10041,4/24/2025,2021,116519LN,Daytona,Ghost,Oysterflex,Oysterflex,"34,500",Y (inc WT),Y,Discontinued,Eni Zizolli (Moda Watch Club),Deal of the Day
10042,4/10/2025,2022,116500LN,Daytona,Panda,Jubilee,Oysterteel,"23,900",Y (inc WT),Y,Discontinued,AJ Time Piece,plus shipping label
10043,5/8/2024,2023,116500LN,Daytona,Panda,Jubilee,Oysterteel,"25,400",Y (inc WT),Needs Polish,Discontinued,Anthony Zhan (Moda Watch Club),plus shipping label
10044,3/6/2025,2024, 126711CHNR,GMT2,Root Beer,Oyster,Oystersteel and Gold,"17,000",Y (No WT),Y,17500,Benny Cloud (Moda Watch Club),
10045,3/12/2025,2023,336938,Skydweller,Black,Oyster,Yellow Gold,"39,500",Y (inc WT),Y - Hairlines,53400,East Coast TimePiece (Moda Watch Club),
10046,4/14/2025,2025,336935,Skydweller,Blue,Jubilee,Rose Gold,"60,500",Y (inc WT),Y,"57,800",Kevin Chan (Moda Watch Club),
10047,6/17/2025,2023,336934,Skydweller,Black,Jubilee,Oystersteel,"21,499",Y (No WT),Y,"16,800",Cici Watches (Rolex Group),Add 250 for box
10048,3/24/2025,2025,336934,Skydweller,Blue,Jubilee,Oystersteel,"23,100",Y (inc WT),Y,"16,400",Khanh Doan (Moda Watch Club),
10049,3/25/2025,2025,336934,Skydweller,Blue,Jubilee,Oystersteel,"22,499",Y (inc WT),Y,"16,400",Faizan Ahmed (Moda Watch Club),
10050,4/1/2025,2025,336934,Skydweller,Blue,Jubilee,Oystersteel,"22,100",Y (inc WT),Y,"16,400",Khanh Doan (Moda Watch Club),
10051,3/11/2025,2025,336934,Skydweller,Green,Jubilee,Oystersteel,"22,900",Y (inc WT),Y,"16,400",Gerald Tan (Moda Watch Club),
10052,4/14/2025,2025,336934,Skydweller,Green,Jubilee,Oystersteel,"20,400",Y (inc WT),Y,"16,400",Khanh Doan (Moda Watch Club),Add 250 for Box plus Shipping
10053,5/29/2025,2924,336933,Skydweller,Black,Jubilee,Oystersteel and Gold,"19,000",Y (No WT),Y,"22,450",Darren Ting (Moda Watch Club),Add 300 for Box plus Shipping
10054,3/12/2025,2024,336933,Skydweller,Champagne,Jubilee,Oystersteel and Gold,"21,000",Y (inc WT),Y,"21,500",Devin Anton (Moda Watch Club),
10055,4/30/2025,2023,336933,Skydweller,Champagne,Jubilee,Oystersteel and Gold,"20,500",Y (inc WT),Y,"21,500",Darren Ting (Moda Watch Club),
10056,5/13/2025,2024,336933,Skydweller,White Dial,Jubilee,Oystersteel and Gold,"21,450",Y (No WT),Needs Polish,"22,450",Kevin Chan (Moda Watch Club),plus shipping label
10057,6/17/2025,2022,326938,Skydweller,White Dial,Jubilee,Yellow Gold,"41,999",Y (No WT),Y,Discontinued,Cici Watches (Rolex Group),
10058,3/6/2025,2022,326935,Skydweller,Rhodium,Oyster,Rose Gold,"42,500",Y (inc WT),Y,Discontinued,Jesse Cheng (Moda Watch Club),"Was 56,600"
10059,4/2/2025,2022,326934,Skydweller,Black,Jubilee,Oystersteel,"18,100",Y (inc WT),Y,"16,400",AK Timepiece (Moda Watch Club),plus shipping label
10060,5/12/2025,2023,326934,Skydweller,Blue,Jubilee,Oysterteel,"21,500",Y (inc WT),Y,"16,400",Rocky Sun (Moda Watch Club),plus shipping label
10061,3/12/2025,2024,326933,Skydweller,Black,Jubilee,Oystersteel and Gold,"19,350",Y (No WT),Y,Discontinued,Nashville Watch,"Was 21,5000"
10062,3/26/2025,2022,326933,Skydweller,Black,Jubilee,Oystersteel and Gold,"15,000",Y (inc WT),N,Discontinued,Conrad Taylor (Rolex Group),
10063,5/14/2025,2023,326238,Skydweller,Black Dial (Yellow Gold Bezel),Oysterflex,Oysterflex and Yellow Gold,"32,750",Y (No WT),Y,Discontinued,Ziv Moyal (Moda Watch Club),"New reference is 47,100"
10064,5/20/2025,2022,326238,Skydweller,Black Dial (Yellow Gold Bezel),Oysterflex,Oysterflex and Yellow Gold,"21,000",Y (No WT),Y,Discontinued,Anthony Zhan (Moda Watch Club),
10065,5/20/2025,2023,228239,DayDate,Olive Roman,President,White Golks,"36,800",Y (No WT),Y,"47,500",East Coast TimePiece (Moda Watch Club),Add 300 for Box plus Shipping
10066,4/30/2025,2024,228238,Day Date,Champagne Roman,President,Yellow Gold,"41,500",Y (No WT),Y,"43,000",Fixed Income (Moda Watch Club),
10067,4/23/2025,2024,228238,Day Date,Champagne Stick,President,Yellow Gold,"45,800",Y (inc WT),Y,"43,000",Music City Timepieces,plus shipping label
10068,5/20/2025,2024,228238,DayDate,Black Stick,President,Yellow Gold,"42,000",Y (inc WT),Y,"44,200",East Coast TimePiece (Moda Watch Club),plus shipping label
10069,5/12/2025,2025,228238,DayDate,Ombre Green,President,Yellow Gold,"54,500",Y (inc WT),Y,"44,200",Fixed Income (Moda Watch Club),
10070,4/23/2025,2024,228236,Day Date,Platinum Baguette Diamond,President,White Gold,"72,550",Y (inc WT),Y,"68,500",Darwin VT (Moda Watch Club),plus shipping label
10071,3/12/2025,2024,226658,YahtMaster,Yellow Gold Case (42mm),OysterFlex,Black and Yellow Gold Clasp,"27,500",Y (inc WT),Y,"33,500",Nick TLC (Moda Watch Club),42 MM plus add 250 for box
10072,6/17/2025,2025,226658,YahtMaster,Yellow Gold Case (42mm),OysterFlex,Black and Yellow Gold Clasp,"33,499",Y (inc WT),Y,"33,500",Cici Watches (Rolex Group),42 MM plus add 250 for box
10073,4/8/2025,2024,126603,Seadweller,Black,Oyster,Oystersteel and Gold,"16,000",Y (inc WT),Y,"19,650",Randy Chong (Moda Watch Club),plus shipping label
10074,4/11/2025,2024,126603,Seadweller,Black,Oyster,Oystersteel and Gold,"14,450",Y (inc WT),Needs Polish,"19,650",Gerald GTP (Moda Watch Club),plus shipping label
10075,4/15/2025,2025,126503,Daytona,Black Dial (Gold and Black Cosmograph),Oyster,Oystersteel and Gold,"22,000",Y (No WT),,"21,400",Devin Anton (Moda Watch Club),Add 250 for Box plus Shipping
10076,5/13/2025,2024,126503,Daytona,White Dial (Gold outlined white circles),Oyster,Oystersteel and Gold,"23,500",Y (No WT),Needs Polish,"22,250",Kevin Chan (Moda Watch Club),plus shipping label
10077,4/3/2025,2020,126503,Seadweller,Black,Oyster,Oystersteel and Gold,"15,200",Y (inc WT),Y,"19,650",Mecko Kay (Moda Watch Club),plus shipping label
10078,5/30/2025,2023,126334,DateJust,Mint Green Fluted Bezel,Oyster,Oystersteel,"13,100",Y (inc WT),Y,"10,900",Angela La (Moda Watch Club),
10079,6/9/2025,2025,126334,DateJust,Slate Dial,Jubilee,Oystersteel,"14,250",Y (inc WT),Y,"11,100",Mike Mtime (Moda Watch Club),plus shipping label
10080,4/10/2025,2022,126334,Datejust,Wimbledon (Fluted Bezel),Jubilee,Oystersteel,"12,400",Y (No WT),Y,"10,800",AJ Time Piece,plus shipping label
10081,4/10/2025,2022,126334,Datejust,Wimbledon (Fluted Bezel),Jubilee,Oystersteel,"12,150",Y (inc WT),Y,"10,800",Nick TLC (Moda Watch Club),plus shipping label
10082,4/10/2025,2025,126334,Datejust,Wimbledon (Fluted Bezel),Jubilee,Oystersteel and Gold,"12,150",Y (inc WT),Y,"14,800",Nick TLC (Moda Watch Club),plus shipping label
10083,5/5/2025,2022,126333,Datejust,WhiteStick  Dial (Yellow Gold Fluted Bezel),Oyster,Oystersteel and Gold,"13,000",Y (inc WT),Y,"15,350",Shawn Bibian (Moda Watch Club),
10084,6/20/2025,2023,126333,Datejust,Champagne Motif,Jubilee,Oyster Steel and Yellow Gold,"25,500",Y (inc WT),Y,Discontinued,Randy Chong (Moda Watch Club),plus shipping label
10085,6/23/2025,2023,126333,Datejust,Back Stick Dial,Jubilee,Oystersteel and Gold,"12,000",Y (inc WT),Y,"16,100",Kevin GTimepiece,
10086,5/5/2025,2024,126234,Datejust,Blue (While Gold Flueted Bezel),Jubilee,Oystersteel,"11,500",Y (inc WT),Y,"11,100",Randy Chong (Moda Watch Club),plus shipping label
10087,5/5/2025,2023,126234,Datejust,Blue Motif (White Gold Fluted Bezel),Jubilee,Oystersteel,"11,500",Y (No WT),,Discontinued,Devin Anton (Moda Watch Club),Add 250 for Box plus Shipping
10088,5/29/2025,2023,126234,Datejust,Blue Motif (White Gold Fluted Bezel),Jubilee,Oystersteel,"11,000",Y (No WT),N,Discontinued,Devin Anton (Moda Watch Club),Add 250 for Box plus Shipping
10089,4/23/2025,2025,124060,Submariner,No Date,Oyster,Oystersteel,"11,000",Y (inc WT),Y,"9,200",Khanh Doan (Moda Watch Club),plus shipping label
10090,6/13/2025,2025,124060,Submariner,No Date,Oyster,Oystersteel,"10,000",Y (inc WT),Y,"9,200",John Sig (Moda Watch Club),Add 300 for Box plus Shipping
10091,3/11/2025,2023,116519,Daytona,Ghost,OysterFlex,White Gold Bezel,"37,500",Y (No WT),Y,Discontinued,Randy Chong (Moda Watch Club),"126519LN  New Cost is 38,100"
10092,5/15/2025,2024,,DayDate,Champagne Baguette,President,Yellow Gold,"43,000",Y (inc WT),Y,"48,750",Nick TLC (Moda Watch Club),Add 300 for Box plus Shipping
10093,7/8/2025,2021,326238,Skydweller,Black Dial (Yellow Gold Bezel),Oysterflex,Oysterflex and Yellow Gold,"33,500",Y (inc WT),Y,Discontinued,Shk Watches (Moda Watch Club),"New reference is 47,100"
10094,7/8/2025,2025,126333,Datejust,Back Stick Dial,Jubilee,Oystersteel and Gold,"16,800",Y (inc WT),Y,"16,100",Kim Lim (Moda Watch Club),plus shipping label
10095,7/8/2025,2024,226627,YahtMaster,Titanium,Jubilee,Titanium,"23,999",Y (inc WT),Y,"15,250",Cici Watches (Moda Watch Club),
10096,7/8/2025,2023,326934,Skydweller,Black,Jubilee,Oystersteel,"18,999",Y (No WT),Y,"16,400",Cici Watches (Moda Watch Club),
10097,7/8/2025,2023,126720VTNR,GMT2,Sprite,Jubilee,Oystersteel,"16,200",Y (inc WT),Y,"11,850",Romell Bhaala,plus shipping label
